review,fecha
Tuvimos problemas con el aire acondicionado.,2026-01-17
El baño necesitaba mejor limpieza.,2026-03-17
El ascensor era muy lento.,2026-03-27
El baño necesitaba mejor limpieza.,2026-02-17
No me gustó la atención en la recepción.,2026-01-07
El wifi funcionaba perfectamente en todo el hotel.,2026-01-27
"Fiestas ruidosas en la noche, mala experiencia.",2026-02-15
El minibar estaba vacío.,2026-01-18
"Volvería sin dudarlo, una gran experiencia.",2026-01-17
Tuvimos problemas con el aire acondicionado.,2026-03-10
"El hotel fue excelente, muy cómodo y bien ubicado.",2026-02-15
La habitación estaba limpia y era espaciosa.,2026-01-28
El ascensor era muy lento.,2026-01-19
Personal amable y servicial en todo momento.,2026-02-23
La habitación estaba limpia y era espaciosa.,2026-02-18
El estacionamiento es amplio y seguro.,2026-01-31
El minibar estaba vacío.,2026-02-10
El desayuno fue variado y delicioso.,2026-01-26
El desayuno fue variado y delicioso.,2026-03-27
"El hotel fue excelente, muy cómodo y bien ubicado.",2026-03-06
Cerca del metro y restaurantes.,2026-01-31
"La ubicación es inmejorable, cerca de todo.",2026-01-01
El desayuno fue variado y delicioso.,2026-01-23
Personal amable y servicial en todo momento.,2026-03-09
El desayuno fue variado y delicioso.,2026-03-24
El minibar estaba vacío.,2026-01-13
No me gustó la atención en la recepción.,2026-03-18
El wifi funcionaba perfectamente en todo el hotel.,2026-03-26
"La ubicación es inmejorable, cerca de todo.",2026-01-22
El ascensor era muy lento.,2026-03-10
El precio es justo para la calidad ofrecida.,2026-02-11
El estacionamiento es amplio y seguro.,2026-03-03
Nunca limpiaron la habitación durante mi estadía.,2026-02-04
No había agua caliente en la ducha.,2026-02-27
"El hotel fue excelente, muy cómodo y bien ubicado.",2026-02-28
El estacionamiento es amplio y seguro.,2026-02-14
"El hotel fue excelente, muy cómodo y bien ubicado.",2026-01-31
El precio es justo para la calidad ofrecida.,2026-01-08
Nunca limpiaron la habitación durante mi estadía.,2026-03-13
Cerca del metro y restaurantes.,2026-01-30
"Fiestas ruidosas en la noche, mala experiencia.",2026-02-03
Nunca limpiaron la habitación durante mi estadía.,2026-03-29
El wifi funcionaba perfectamente en todo el hotel.,2026-01-21
El minibar estaba vacío.,2026-02-22
Nunca limpiaron la habitación durante mi estadía.,2026-02-01
No había agua caliente en la ducha.,2026-01-01
"Fiestas ruidosas en la noche, mala experiencia.",2026-02-04
Nunca limpiaron la habitación durante mi estadía.,2026-01-27
"La ubicación es inmejorable, cerca de todo.",2026-02-14
"El hotel fue excelente, muy cómodo y bien ubicado.",2026-03-05
El precio es justo para la calidad ofrecida.,2026-03-25
No me gustó la atención en la recepción.,2026-02-15
La habitación estaba limpia y era espaciosa.,2026-03-26
"La ubicación es inmejorable, cerca de todo.",2026-01-16
Cerca del metro y restaurantes.,2026-01-10
"Fiestas ruidosas en la noche, mala experiencia.",2026-02-12
Tuvimos problemas con el aire acondicionado.,2026-01-02
"Fiestas ruidosas en la noche, mala experiencia.",2026-03-10
No había agua caliente en la ducha.,2026-03-28
Cerca del metro y restaurantes.,2026-01-18
El baño necesitaba mejor limpieza.,2026-02-03
"El hotel fue excelente, muy cómodo y bien ubicado.",2026-03-05
La piscina estaba cerrada durante nuestra visita.,2026-03-21
El wifi funcionaba perfectamente en todo el hotel.,2026-02-25
El baño necesitaba mejor limpieza.,2026-01-11
Tuvimos problemas con el aire acondicionado.,2026-03-12
El wifi funcionaba perfectamente en todo el hotel.,2026-02-04
La habitación estaba limpia y era espaciosa.,2026-03-15
Nunca limpiaron la habitación durante mi estadía.,2026-01-29
Nunca limpiaron la habitación durante mi estadía.,2026-01-10
Tuvimos problemas con el aire acondicionado.,2026-01-09
El wifi funcionaba perfectamente en todo el hotel.,2026-01-13
Personal amable y servicial en todo momento.,2026-01-24
"La cama era muy cómoda, dormí de maravilla.",2026-03-09
"La ubicación es inmejorable, cerca de todo.",2026-01-07
El wifi funcionaba perfectamente en todo el hotel.,2026-02-13
El baño necesitaba mejor limpieza.,2026-01-28
El wifi funcionaba perfectamente en todo el hotel.,2026-01-22
El ascensor era muy lento.,2026-03-10
No había agua caliente en la ducha.,2026-02-23
Nunca limpiaron la habitación durante mi estadía.,2026-02-17
El minibar estaba vacío.,2026-03-08
Cerca del metro y restaurantes.,2026-01-26
El wifi funcionaba perfectamente en todo el hotel.,2026-01-31
No me gustó la atención en la recepción.,2026-01-07
El minibar estaba vacío.,2026-03-10
El ascensor era muy lento.,2026-01-13
El minibar estaba vacío.,2026-03-20
No había agua caliente en la ducha.,2026-01-13
El estacionamiento es amplio y seguro.,2026-02-22
El precio es justo para la calidad ofrecida.,2026-02-13
El minibar estaba vacío.,2026-01-04
La habitación estaba limpia y era espaciosa.,2026-03-26
"Volvería sin dudarlo, una gran experiencia.",2026-02-07
El baño necesitaba mejor limpieza.,2026-01-13
Tuvimos problemas con el aire acondicionado.,2026-03-19
El estacionamiento es amplio y seguro.,2026-02-20
No me gustó la atención en la recepción.,2026-01-03
Tuvimos problemas con el aire acondicionado.,2026-02-27
No había agua caliente en la ducha.,2026-02-18
